               epoch,      train/box_loss,      train/obj_loss,      train/cls_loss,   metrics/precision,      metrics/recall,     metrics/mAP_0.5,metrics/mAP_0.5:0.95,        val/box_loss,        val/obj_loss,        val/cls_loss,               x/lr0,               x/lr1,               x/lr2
                   0,             0.11528,            0.044912,                   0,           0.0056593,             0.12403,           0.0030296,           0.0005451,             0.11182,            0.045475,                   0,             0.00012,             0.00012,             0.09892
                   1,             0.10337,            0.047444,                   0,            0.007569,             0.17054,           0.0042569,          0.00088786,            0.092357,            0.051733,                   0,          0.00024994,          0.00024994,             0.09775
                   2,            0.090553,            0.051881,                   0,            0.015352,             0.24031,            0.011003,           0.0024056,            0.074688,            0.058149,                   0,          0.00037966,          0.00037966,             0.09658
                   3,            0.083549,            0.057863,                   0,             0.32559,             0.26357,             0.16576,            0.035394,            0.068599,            0.058225,                   0,          0.00050898,          0.00050898,            0.095409
                   4,            0.074863,            0.052266,                   0,             0.85466,             0.47287,             0.58049,             0.20092,            0.063313,            0.054961,                   0,          0.00063773,          0.00063773,            0.094238
                   5,            0.067835,            0.052606,                   0,             0.84179,              0.5814,             0.75075,             0.29444,            0.058191,            0.047761,                   0,          0.00076573,          0.00076573,            0.093066
                   6,            0.059877,            0.048574,                   0,             0.81513,              0.7907,              0.8397,             0.32656,            0.054251,            0.041724,                   0,          0.00089283,          0.00089283,            0.091893
