               epoch,      train/box_loss,      train/obj_loss,      train/cls_loss,   metrics/precision,      metrics/recall,     metrics/mAP_0.5,metrics/mAP_0.5:0.95,        val/box_loss,        val/obj_loss,        val/cls_loss,               x/lr0,               x/lr1,               x/lr2
                   0,             0.11528,            0.044911,                   0,           0.0056653,             0.12403,           0.0030329,          0.00054999,             0.11181,            0.045476,                   0,             0.00012,             0.00012,             0.09892
                   1,             0.10369,             0.04731,                   0,            0.007484,             0.17054,           0.0042189,          0.00084994,            0.093458,            0.051335,                   0,          0.00022851,          0.00022851,            0.097729
                   2,            0.091979,            0.051321,                   0,            0.011223,             0.17829,           0.0078516,           0.0016249,            0.077564,            0.057005,                   0,          0.00026184,          0.00026184,            0.096462
                   3,            0.086956,            0.056742,                   0,             0.02787,             0.18605,            0.018205,           0.0042827,            0.072982,            0.058152,                   0,          0.00020958,          0.00020958,             0.09511
                   4,            0.082185,            0.051477,                   0,            0.070146,             0.17829,            0.040659,           0.0091823,            0.070363,            0.058563,                   0,            0.000119,            0.000119,            0.093719
